1,,  ,,Producto,Costo m2 U$S + IVA,Con AUMENTO,Proximo AUMENTO,Margen %,,Ganancia,Venta + IVA,CONSUMIDOR IVA INC.,,METRO LINEAL / 3,Precio ML,Ganancia ML,,WEB Venta + IVA,WEB Venta IVA inc. ,,,,,,,,,,,,,,,,,,,,,,,
,,,,,Actualizar oficialmente,Con AUMENTO,Proximo AUMENTO,Por actualizar,,,,,,,,,,,,,,Precio m lineal,,,,,,,,,,,,,,,,,,,,
Shopify ,Notas,,,"ISOROOF  / ISOROOF FOIL / ISOROOF PLUS- 3,5 min",pre - Actualizado,1.0335,1.1000,Actualizad,,,Precio + IVA,IVA inc.,,,,,,,,Precio + IVA,Metros de chapas disponibles para cortar,1.00,3.50,4.00,4.50,5.00,5.50,6.00,6.50,7.00,7.50,8.00,8.50,9.00,9.50,10.00,10.50,11.00,11.50,12.00,12.50,13.00
Fata foto,Tenemos paneles en el fondo para fotografiar,ACT.,IAGRO30,Isoroof FOIL 30 mm - Color Gris-Rojo,28.18,29.12,32.04,15%,,4.2271,32.41,39.54,,,,,,39.45,48.13,30.9988096,Isoroof FOIL 30 mm - Color Gris-Rojo,39.54,138.38,158.15,177.92,197.69,217.46,237.23,256.99,276.76,296.53,316.30,336.07,355.84,375.61,395.38,415.14,434.91,454.68,474.45,474.45,474.45
Fata foto,,ACT.,IAGRO50,Isoroof FOIL 50 mm - Color Rojo-Gris,31.95,33.02,36.32,15%,,4.7918,36.74,44.82,, ,,,,44.72,54.56,35.14005682,Isoroof FOIL 50 mm - Color Rojo-Gris,44.82,156.87,179.28,201.69,224.10,246.51,268.92,291.33,313.74,336.15,358.56,380.97,403.38,425.79,448.20,470.61,493.01,515.42,537.83,537.83,537.83
Fata foto,,ACT.,IROOF30,Isoroof 30 mm Terracota o Gris,34.74,35.90,39.49,15%,,5.2107,39.95,48.74,-5.28,,,,,48.63,59.33,38.2116075,Isoroof 30 mm Terracota o Gris,48.74,170.58,194.95,219.32,243.69,268.05,292.42,316.79,341.16,365.53,389.90,414.27,438.63,463.00,487.37,511.74,536.11,560.48,584.85,584.85,584.85
NO SUBIR,,ACT.,IROOF40,Isoroof 40 mm Terracota o Gris ,36.77,38.01,41.81,15%,,5.5160,42.29,51.59,2.86,,,,,51.48,62.81,40.4506135,Isoroof 40 mm Terracota o Gris ,51.59,180.58,206.37,232.17,257.96,283.76,309.56,335.35,361.15,386.95,412.74,438.54,464.34,490.13,515.93,541.73,567.52,593.32,619.12,619.12,619.12
Fata foto,,ACT.,IROOF50,Isoroof 50 mm Terracota o Gris,38.26,39.54,43.49,15%,,5.7388,44.00,53.68,4.94,  ,,,,53.56,65.35,42.084174,Isoroof 50 mm Terracota o Gris,53.68,187.87,214.71,241.54,268.38,295.22,322.06,348.90,375.74,402.57,429.41,456.25,483.09,509.93,536.76,563.60,590.44,617.28,644.12,644.12,644.12
Fata foto,,ACT.,IROOF80,Isoroof 80 mm - Gris - Rojo,44.98,46.49,51.14,15%,,6.7474,51.73,63.11,14.37,,,,,62.98,76.83,49.4806235,Isoroof 80 mm - Gris - Rojo,63.11,220.89,252.44,284.00,315.55,347.11,378.66,410.22,441.77,473.33,504.88,536.44,567.99,599.55,631.10,662.66,694.21,725.77,757.32,757.32,757.32
Falta Descripción,,ACT.,IROOF50-PLS,Isoroof Plus 50 mm - Gris - Rojo (MINIMO 800 M2),41.92,43.32,47.66,15%,,6.2880,48.21,58.81,4.21,DESCONTINUADO MIN 800m,,,,58.69,71.60,46.112,Isoroof Plus 50 mm - Gris - Rojo (MINIMO 800 M2),58.81,205.85,235.26,264.66,294.07,323.48,352.88,382.29,411.70,441.10,470.51,499.92,529.32,558.73,588.14,617.54,646.95,676.36,705.77,705.77,705.77
Fata foto,,ACT.,IROOF80-PLS,Isoroof Plus 80 mm - Gris - Rojo,51.15,52.86,58.15,15%,,7.6722,58.82,71.76,7.09,,,,,71.61,87.36,56.2628715,Isoroof Plus 80 mm - Gris - Rojo,71.76,251.16,287.04,322.92,358.80,394.68,430.56,466.44,502.33,538.21,574.09,609.97,645.85,681.73,717.61,753.49,789.37,825.25,861.13,861.13,861.13
,,,,"ISOROOF COLONIAL (medidas: 7 m y 4,9 m)",,,,,,,Precio + IVA,IVA inc.,,,,,,,,,,,,,,,,,,,,,,,,,,,,,,
,,,IAGRO30,Isoroof COLONIAL 40 mm - Color simil teja,53.97,,,15%,,8.0955,62.07,75.72,,,,,,,,,,,,,,,,,,,,,,,,,,,,,,
,,,,,,,,,,,,,,,,,,,,,,,,,,,,,,,,,,,,,,,,,,
,,ACT.,FLETEBRO,Flete de Bromyros en Zonas Aledañas,180.00,186.03,204.63,33%,,60.0000,240,292.80,,,,,,252.00,307.44,,Flete de Bromyros en Zonas Aledañas,,,,,,,,,,,,,,,,,,,,,
Subido con Éxito,,ACT.,C.But.,Cinta Butilo 2mm x 15mm x 22.5m lineales,13.16,13.60,14.96,15%,,1.9740,15.13,18.46,24.002524,,,,,18.42,22.48,,Cinta Butilo 2mm x 15mm x 22.5m lineales,,,,,,,,,,,,,,,,,,,,,
Subido con Éxito,,ACT.,Cab. Roj,"Caballete Rojo Teja, Gris y blanco- (Arandela Trapezoidal)",0.38,0.39,0.43,50%,,0.1904,0.57,0.70,0.65,,,,,0.53,0.65,,"Caballete Rojo Teja, Gris y blanco- (Arandela Trapezoidal)",,,,,,,,,,,,,,,,,,,,,
Subido con Éxito,,ACT.,Bromplast,Bromplast 8 - Silicona Neutra  X 600,9.10,9.41,10.35,20%,,1.8207,10.92,13.33,,"10,27",,,,12.74,15.55,,Bromplast 8 - Silicona Neutra  X 600,,,,,,,,,,,,,,,,,,,,,
Subido con Éxito,,,,Pistola de Silicona ,30.10,31.10,34.21,25%,,7.5238,37.62,45.90,,,,,,42.13,51.40,,,,,,,,,,,,,,,,,,,,,,,
,,,,,,,,,,,,,,,,,,,,,,,,,,,,,,,,,,,,,,,,,,
,,,,GOTERO FRONTAL 3M PREPINTADO,,,,,,,,,,,,,,,,,,,Margen 10%,,,,,,,,,,,,,,,,,,,
Fata foto,,ACT.,GFS30,Gotero Frontal Simple 30mm Prep.,18.24,18.85,20.73,20%,,3.6478,21.89,26.70,,7.29555918,30.97,4.27,,25.53,31.15,,,,,,,,,,,,,,,,,,,,,,,
Fata foto,,ACT.,GFS50,Gotero Frontal Simple 50mm Prep.,19.31,19.96,21.95,20%,,3.8618,23.17,28.27,,7.7235522,32.79,4.52,,27.03,32.98,,,,,,,,,,,,,,,,,,,,,,,
Fata foto,,ACT.,GFS80,Gotero Frontal Simple 80mm Prep.,20.31,20.99,23.08,20%,,4.0610,24.37,29.73,,8.12202846,34.48,4.76,,28.43,34.68,,,"Lista para Walter ""La casa del Panel"" ",,,,,,,,,,,,,,,,,,,,
Fata foto,,ACT.,GFSUP30,Gotero Superior 30mm Prep.,32.51,33.59,36.95,20%,,6.5011,39.01,47.59,,13.00213278,55.20,7.61,,45.51,55.52,,,,,,,,,,,,,,,,,,,,,,,
NO SUBIR,,ACT.,GFSUP40,Gotero Superior 40mm Prep.,29.44,30.43,33.47,20%,,5.8886,35.33,43.10,,11.77718724,50.00,6.90,,41.22,50.29,,,"ISOPANEL EPS (Fachada)  2,3 min",,,,,,,,,,,,,,,,,,,,
Fata foto,,ACT.,GFSUP50,Gotero Superior 50mm Prep.,33.49,34.61,38.07,20%,,6.6978,40.19,49.03,,13.39568958,56.87,7.84,,46.88,57.20,,,Producto,USD ,IVA INC ,,,,,,,,,,,,,,,,,,
Fata foto,,ACT.,GFSUP80,Gotero Superior 80mm Prep.,35.52,36.71,40.38,20%,,7.1037,42.62,52.00,,14.20740048,60.32,8.32,,49.73,60.67,,,ISOPANEL EPS 50 mm ,31.77,38.76,,,,28.88,,,,,,,,,,,,,,
Fata foto,,ACT.,GFCGR30,Gotero frontal con greca  1 x panel  30 - 40 - 50 - 80 mm,19.12,19.77,21.74,30%,,5.7373,24.86,30.33,,8.287240325,35.18,4.85,,26.77,32.66,,,ISOPANEL EPS 100 mm,34.95,42.64,,,,31.77,,,,,,,,,,,,,,
Fata foto,,,GSDECAM30,Gotero Superior  -  DE CAMARA  30mm,26.38,27.26,29.99,20%,,5.2761,31.66,38.62,,10.5522417,44.80,6.18,,36.93,45.06,,,ISOPANEL EPS 150 mm,39.31,47.96,,,,35.74,,,,,,,,,,,,,,
NO SUBIR,,,GSDECAM40,Gotero Superior  -  DE CAMARA  40mm,31.47,32.53,35.78,20%,,6.2944,37.77,46.08,,12.58889814,53.45,7.37,,44.06,53.75,,,ISOPANEL EPS 200 mm,44.09,53.79,,,,40.08,,,,,,,,,,,,,,
Fata foto,,,GSDECAM50,Gotero Superior  -  DE CAMARA  50mm,31.47,32.53,35.78,20%,,6.2944,37.77,46.08,,12.58889814,53.45,7.37,,44.06,53.75,,,ISOPANEL EPS 250mm,48.46,59.12,,,,44.05,,,,,,,,,,,,,,
Fata foto,,,GSDECAM80,Gotero Superior  -  DE CAMARA  80mm,34.49,35.64,39.20,20%,,6.8971,41.38,50.49,,13.79416584,58.56,8.08,,48.28,58.90,,,,,,,,,,,,,,,,,,,,,,,
,,,,,,,,,,,,,,,,,,,,,,"ISODEC (EPS) - 2,3m min.",,,,,,,,,,,,,,,,,,,,
,,,,GOTERO LATERAL 3M PREPINTADO,,,,,,,,,,,,,,,,,,Producto,USD ,IVA INC ,,,,,,,,,,,,,,,,,,
Fata foto,,ACT.,GL30,Gotero Lateral 30mm  Prep.,25.14,25.98,28.58,20%,,5.0277,30.17,36.80,,10.05537624,42.69,5.89,,35.19,42.94,,,ISODEC EPS 100 mm,34.95,42.64,,,,31.77,,,,,,,,,,,,,,
NO SUBIR,,ACT.,GL40,Gotero Lateral 40mm  Prep.,26.12,27.00,29.70,20%,,5.2245,31.35,38.24,,10.44893304,44.36,6.12,,36.57,44.62,,,ISODEC EPS 150 mm,39.31,47.96,,,,35.74,,,,,,,,,,,,,,
Fata foto,,ACT.,GL50,Gotero Lateral 50mm  Prep.,27.14,28.05,30.86,20%,,5.4286,32.57,39.74,,10.85724822,46.10,6.36,,38.00,46.36,,,ISODEC EPS 200 mm,44.09,53.79,,,,40.08,,,,,,,,,,,,,,
Fata foto,,ACT.,GL80,Gotero Lateral 80mm  Prep.,29.15,30.12,33.14,20%,,5.8296,34.98,42.67,,11.6591202,49.50,6.83,,40.81,49.78,,,ISODEC EPS 250mm,48.46,59.12,,,,44.05,,,,,,,,,,,,,,
Fata foto,,,GLDCAM50,Gotero Lateral   CAMARA  50mm  Prep.,25.70,26.57,29.22,20%,,5.1408,30.85,37.63,,10.2816714,43.65,6.02,,35.99,43.90,,,,,,,,,,,,,,,,,,,,,,,
Fata foto,,,GLDCAM80,Gotero Lateral  CAMARA  80mm  Prep.,28.93,29.90,32.89,20%,,5.7853,34.71,42.35,,11.57056992,49.12,6.78,,40.50,49.41,,,"ISODEC (PIR) - 3,5m min.",,,,,,,,,,,,,,,,,,,,
,,,,,,,,,,,,,,,,,,,,,,Producto,USD ,IVA INC ,,,,,,,,,,,,,,,,,,
,,,,BABETAS 3M PREPINTADO,,,,,,,,,,,,,,,,,,ISODEC 50mm PIR,38.52,46.99,,,,35.02,,,,,,,,,,,,,,
Fata foto,,ACT.,BBAS3G,Babeta de Atornillar Superior 3G,27.34,28.26,31.08,20%,,5.4680,32.81,40.03,,10.93595958,46.43,6.40,,38.28,46.70,,,ISODEC 80mm PIR,39.48,48.16,,,,35.89,,,,,,,,,,,,,,
Fata foto,,,BBESUP,Babeta de Empotrar Superior 3G,14.57,15.06,16.57,20%,,2.9148,17.49,21.34,,5.8295601,24.75,3.41,,20.40,24.89,,,ISODEC 120mm PIR,47.19,57.57,,,,42.90,,,,,,,,,,,,,,
Fata foto,,,BBAL,Babeta de Atornillar Lateral,26.34,27.23,29.95,20%,,5.2687,31.61,38.57,,10.53748332,44.74,6.17,,36.88,45.00,,,,,,,,,,,,,,,,,,,,,,,
Fata foto,,,BBAL,Babeta de Empotrar Lateral,26.34,27.23,29.95,20%,,5.2687,31.61,38.57,,10.53748332,44.74,6.17,,36.88,45.00,,,,,,,,,,,,,,,,,,,,,,,
,,,,,,,,,,,,,,,,,,,,,,"ISOROOF  / ISOROOF FOIL / ISOROOF PLUS- 3,5 min",,,,,,,,,,,,,,,,,,,,
,,,,CANALÓN 3M PREPINTADO,,,,,,,,,,,,,,,,,,Producto,,USD ,IVA INC ,,,,,,,,,,,,,,,,,
Fata foto,,ACT.,CD30,"Canalón Doble roof 30mm / base 150mm + tapas + agujero + bajada / 3,03 m",82.75,85.52,94.07,20%,,16.5491,99.29,121.14,,33.09812688,140.52,19.38,,115.84,141.33,,,Isoroof FOIL 30 mm - Color Gris-Rojo,,29.85,36.42,,,27.14,,,,,,,,,,,,,,
Fata foto,,ACT.,CD50,"Canalón Doble roof 50mm / base 150mm + tapas + agujero + bajada / 3,03 m",84.31,87.13,95.84,20%,,16.8614,101.17,123.43,,33.7228983,143.17,19.75,,118.03,144.00,,,Isoroof FOIL 50 mm - Color Rojo-Gris,,33.84,41.28,,,30.76,,,,,,,,,,,,,,
Fata foto,,ACT.,CD80,"Canalón Doble roof 80mm / base 150mm + tapas + agujero + bajada / 3,03 m",85.50,88.36,97.20,20%,,17.1000,102.60,125.17,,34.20008592,145.20,20.03,,119.70,146.03,,,Isoroof 30 mm Terracota o Gris,,36.80,44.89,,,33.45,,,,,,,,,,,,,,
Fata foto,,,SOPCAN3M,Soporte para Canalón Isoroof (3m),13.00,13.44,14.78,20%,,2.5999,15.60,19.03,,5.19986922,22.08,3.05,,18.20,22.20,,,Isoroof 40 mm Terracota o Gris ,,38.95,47.52,,,35.41,,,,,,,,,,,,,,
,,,,,,,,,,,,,,,,,,,,,,Isoroof 50 mm Terracota o Gris,,40.52,49.44,,,36.84,,,,,,,,,,,,,,
,,,,CUMBRERAS 3M PREPINTADO,,,,,,,,,,,,,,,,,,Isoroof 80 mm - Gris - Rojo,,47.51,57.96,,,43.19,,,,,,,,,,,,,,
Fata foto,,ACT.,CUMROOF3M,Cumbrera Roof 3G de 3 m,40.57,41.93,46.13,20%,,8.1146,48.69,59.40,,16.22929854,68.90,9.50,,56.80,69.30,,,Isoroof Plus 80 mm - Gris - Rojo,,54.02,65.91,,,49.11,,,,,,,,,,,,,,
Fata foto,,ACT.,CUMROOF3M,"Cumbrera Roof COLONIAL - 2,2 m (2 piezas de 1,1m)",81.55,,,20%,,16.3101,97.86,119.39,,32.62028,138.49,19.10,,114.17,139.29,,,Isoroof Plus 80 mm - Gris - Rojo,,54.02,65.91,,,49.11,,,,,,,,,,,,,,
,,,,,,,,,,,,,,,,,,,,,,,,,,,,,,,,,,,,,,,,,,
,,,,ISOWALL,,,,,,,,,,,,,,,,,,,,,,,,,,,,,,,,,,,,,,
Falta Foto y Descripción,,,IW50,Isowall 50 mm PIR - GRIS / Blanco,34.37,35.53,39.08,20%,,6.8748,41.25,50.32,43.20123646,13.7496,,,,48.12,58.71,,,,,,,,,,,,,,,,,,,,,,,
Falta Foto y Descripción,,,IW50,Isowall 80 mm PIR - GRIS / Blanco,40.81,42.18,46.39,20%,,8.1620,48.97,59.75,51.29,16.324,,,,57.13,69.70,,,,,,,,,,,,,,,,,,,,,,,
Falta Foto y Descripción,,,IW50,Isowall 50 mm,38.95,40.26,44.29,15%,,5.8431,44.80,54.65,,,,,,54.54,66.53,,,,,,,,,,,,,,,,,,,,,,,
Falta Foto y Descripción,,,IW80,Isowall 80 mm,46.45,48.01,52.81,15%,,6.9676,53.42,65.17,,-10.52,,,,65.03,79.34,,,,,,,,,,,,,,,,,,,,,,,
Falta Foto y Descripción,,,IW100,Isowall 100 mm,49.18,50.83,55.91,15%,,7.3770,56.56,69.00,descontinuado,,,,,68.85,84.00,,,,,,,,,,,,,,,,,,,,,,,
,,,,,,,,,,,,,,,,,,,,,,,,,,,,,,,,,,,,,,,,,,
,,,,,,,,,,,,,,,,,,,,,,,,,,,,,,,,,,,,,,,,,,
,,,,"ISOFRIG -2,3 min",,,,,,,,,,,,,,,,,,,,,,,,,,,,,,,,,,,,,,
Falta Foto y Descripción,,ACT.,IF40 ,IsoFrig 40 mm,36.27,37.49,41.24,20%,  ,7.2550,43.53,53.11,IVA inc.,IsoFrig 40 mm,47.82888,,,50.78,61.96,,,,,,,,,,,,,,,,,,,,,,,
Falta Foto y Descripción,,ACT.,IF60 - IFSL60,IsoFrig - Sala Limpia 60 mm,41.22,42.60,46.86,15%,,6.1827,47.40,57.83,IVA inc.,IsoFrig - Sala Limpia 60 mm,58.07688,,,57.71,70.40,,,,,,,,,,,,,,,,,,,,,,,
Falta Foto y Descripción,,ACT.,IF80 - IFSL80,IsoFrig - Sala Limpia 80 mm,45.47,47.00,51.69,15%,,6.8208,52.29,63.80,IVA inc.,IsoFrig - Sala Limpia 80 mm,64.37208,,,63.66,77.67,,,,,,,,,,,,,,,,,,,,,,,
Falta Foto y Descripción,,ACT.,IF100 - IFSL100,IsoFrig - Sala Limpia 100 mm,50.44,52.13,57.34,15%,,7.5660,58.01,70.77,IVA inc.,IsoFrig - Sala Limpia 100 mm,70.69656,,,70.62,86.15,,,,,,,,,,,,,,,,,,,,,,,
Falta Foto y Descripción,,ACT.,IF120 - IFSL120,IsoFrig - Sala Limpia 120 mm,60.29,62.31,68.54,15%,,9.0439,69.34,84.59,IVA inc.,IsoFrig - Sala Limpia 120 mm,77.03568,,,84.41,102.98,,,,,,,,,,,,,,,,,,,,,,,
Falta Foto y Descripción,,ACT.,IF150 - IFSL150,IsoFrig - Sala Limpia 150 mm,61.19,63.24,69.56,15%,,9.1782,70.37,85.85,IVA inc.,IsoFrig - Sala Limpia 150 mm,86.4492,,,85.66,104.51,,,,,,,,,,,,,,,,,,,,,,,
Falta Foto y Descripción,,ACT.,IF180 - IFSL180,IsoFrig - Sala limpia 180 mm ,75.07,77.59,85.34,15%,,11.2607,86.33,105.33,IVA inc.,IsoFrig - Sala limpia 180 mm ,95.93592,,,105.10,128.22,,,,,,,,,,,,,,,,,,,,,,,
,,,,,,,,,,,,,,,,,,,,,,,,,,,,,,,,,,,,,,,,,,
,,,,"ISOPANEL EPS (Fachada)  2,3 min",,,,,,,22-09 subió 5% ,,,,,,,,,,,,,,,,,,,,,,,,,,,,,,,
Fata foto,,,ISD50EPS,ISOPANEL EPS 50 mm ,29.85,30.85,33.93,15%,,4.4771,34.32,41.88,,,48.58,6.70,,41.79,50.98,,,,,,,,,,,,,,,,,,,,,,,
Fata foto,,,ISD100EPS,ISOPANEL EPS 100 mm,32.83,33.93,37.33,15%,,4.9251,37.76,46.07,,,53.44,7.37,,45.97,56.08,,,,,,,,,,,,,,,,,,,,,,,
Fata foto,,,ISD150EPS,ISOPANEL EPS 150 mm,36.94,38.17,41.99,15%,,5.5406,42.48,51.82,,,60.11,8.29,,51.71,63.09,,,,,,,,,,,,,,,,,,,,,,,
Fata foto,,,ISD200EPS,ISOPANEL EPS 200 mm,41.42,42.81,47.09,15%,,6.2134,47.64,58.12,,,67.41,9.30,,57.99,70.75,,,,,,,,,,,,,,,,,,,,,,,
Fata foto,,,ISD250EPS,ISOPANEL EPS 250mm,45.53,47.05,51.76,15%,,6.8289,52.35,63.87,,,74.09,10.22,,63.74,77.76,,,,,,,,,,,,,,,,,,,,,,,
,,,,,,,,,,,,,,,,,,,,,,,,,,,,,,,,,,,,,,,,,,
,,,,Perfil U ,,,,,,,,,,,,,,,,,,,,,,,,,,,,,,,,,,,,,,
Fata foto,,,PU50MM,Perfil Ch. Blanco U 40 mm x 35 mm ISOFRIG / 3 m ,13.85,14.31,15.74,20%,,2.7697,16.62,20.27,,,23.52,3.24,,19.39,23.65,,,,,,,,,,,,,,,,,,,,,,,
Fata foto,,,PU50MM,Perfil Ch. Blanco U 50 mm x 35 mm / 3 m (ISOWALL - ISOPANEL),9.91,10.24,11.27,20%,,1.9825,11.90,14.51,,,16.83,2.32,,13.88,16.93,,,,,,,,,,,,,,,,,,,,,,,
Fata foto,,,PU50MM,Perfil Ch. Blanco U 60 mm x 35 mm ISOFRIG / 3 m,13.85,14.31,15.74,20%,,2.7697,16.62,20.27,,,23.52,3.24,,19.39,23.65,,,,,,,,,,,,,,,,,,,,,,,
Fata foto,,,PU50MM,Perfil Ch. Blanco U 80 mm x 35 mm ISOWALL / 3 m,17.27,17.85,19.63,20%,,3.4535,20.72,25.28,,,29.32,4.04,,24.17,29.49,,,,,,,,,,,,,,,,,,,,,,,
Fata foto,,,PU100MM,Perfil Ch. Blanco U 100 mm x 35 mm / 3 m,12.32,12.74,14.01,20%,,2.4646,14.79,18.04,,,20.93,2.89,,17.25,21.05,,,,,,,,,,,,,,,,,,,,,,,
Fata foto,,,PU150MM,Perfil Ch. Blanco U 120 mm x 35 mm ISOFRIG / 3 m,20.76,21.46,23.60,20%,,4.1520,24.91,30.39,,,35.26,4.86,,29.06,35.46,,,,,,,,,,,,,,,,,,,,,,,
Fata foto,,,PU150MM,Perfil Ch. Blanco U 150 mm x 35 mm / 3 m,13.85,14.31,15.74,20%,,2.7697,16.62,20.27,,,23.52,3.24,,19.39,23.65,,,,,,,,,,,,,,,,,,,,,,,
Fata foto,,,PU150MM,Perfil Ch. Blanco U 180 mm x 35 mm ISOFRIG / 3 m,20.76,21.46,23.60,20%,,4.1520,24.91,30.39,,,35.26,4.86,,29.06,35.46,,,,,,,,,,,,,,,,,,,,,,,
Fata foto,,,PU200MM,Perfil Ch. Blanco U 200 mm x 35 mm / 3 m,17.27,17.85,19.63,20%,,3.4535,20.72,25.28,,,29.32,4.04,,24.17,29.49,,,,,,,,,,,,,,,,,,,,,,,
Fata foto,,,PU250MM,Perfil Ch. Blanco U 250 mm x 35 mm / 3 m,20.76,21.46,23.60,20%,,4.1520,24.91,30.39,,,35.26,4.86,,29.06,35.46,,,,,,,,,,,,,,,,,,,,,,,
,,,,,,,,,,,,,,,,,,,,,,,,,,,,,,,,,,,,,,,,,,
,,,,Accesorios Varios,,,,,,,,,,,,,,,,,,,,,,,,,,,,,,,,,,,,,,
Fata foto,,,,Perfil Chapa Blanco G2 75 / 3 m,13.36,13.80,15.18,20%,,2.6713,16.03,19.55,,,22.68,3.13,,18.70,22.81,,,,,,,,,,,,,,,,,,,,,,,
Fata foto,,,,Perfil Chapa Blanco G2 100 / 3 m,15.23,15.74,17.31,20%,,3.0451,18.27,22.29,,,25.86,3.57,,21.32,26.01,,,,,,,,,,,,,,,,,,,,,,,
Fata foto,,,,Perfil Chapa Blanco G2 150 / 3 m,17.46,18.05,19.85,20%,,3.4928,20.96,25.57,,,29.66,4.09,,24.45,29.83,,,,,,,,,,,,,,,,,,,,,,,
Fata foto,,,,Perfil Chapa Blanco G2 200 / 3 m,20.96,21.66,23.82,20%,,4.1914,25.15,30.68,,,35.59,4.91,,29.34,35.79,,,,,,,,,,,,,,,,,,,,,,,
Fata foto,,,,Perfil Chapa Blanco G2 250 / 3 m,21.12,21.82,24.01,20%,,4.2234,25.34,30.91,,,35.86,4.95,,29.56,36.07,,,,,,,,,,,,,,,,,,,,,,,
Fata foto,,,,Plegado G4 40 mm x 40 mm (Exterior),13.13,13.57,14.93,20%,,2.6270,15.76,19.23,,,22.31,3.08,,18.39,22.43,,,,,,,,,,,,,,,,,,,,,,,
Fata foto,,,,Perfil K2 sin repliegue para Siliconar (Ángulo interior),10.39,10.74,11.81,20%,,2.0785,12.47,15.21,,,17.65,2.43,,14.55,17.75,,,,,,,,,,,,,,,,,,,,,,,
x,,,,Perfil Chapa Blanca K2,10.39,10.74,11.81,20%,,2.0785,12.47,15.21,,,17.65,2.43,,14.55,17.75,,,,,,,,,,,,,,,,,,,,,,,
Fata foto,,,,"Perfil Alu 5852 Anodizado de 6,8 m de largo",62.71,64.81,71.29,20%,,12.5422,75.25,91.81,,,106.50,14.69,,87.80,107.11,,,,,,,,,,,,,,,,,,,,,,,
NO SUBIR,,,,"Perfil Alu Tipo K de 6,8 m de largo",40.78,42.15,46.36,20%,,8.1565,48.94,59.71,x,,69.26,9.55,,57.10,69.66,,,,,,,,,,,,,,,,,,,,,,,
NO SUBIR,,,PLEGU148,Plegado Galv. Tipo U 148 mm / 2 m de largo,28.23,29.17,32.09,20%,,5.6451,33.87,41.32,,,47.93,6.61,,39.52,48.21,,,,,,,,,,,,,,,,,,,,,,,
NO SUBIR,,,PLECHU98,Plegado Galv. Tipo U 98 mm / 2 m de largo,21.65,22.37,24.61,20%,,4.3291,25.97,31.69,,,36.76,5.07,,30.30,36.97,,,,,,,,,,,,,,,,,,,,,,,
NO SUBIR,,,,"PERFIL ALU 2195 U 100 / 6,8m",77.31,79.90,87.89,20%,,15.4619,92.77,113.18,,,131.29,18.11,,108.23,132.04,,,,,,,,,,,,,,,,,,,,,,,
,,,,,,,,,,,,,,,,,,,,,,,,,,,,,,,,,,,,,,,,,,
,,,,"ISODEC (EPS) - 2,3m min.",,,,,,,22-09 sube con 5% de suba,,,,,,,,,,,,,,,,,,,,,,,,,,,,,,,
Fata foto,,,ISD100EPS,ISODEC EPS 100 mm,32.83,33.93,37.33,#VALUE!,, ,37.76,46.07,,,53.44,7.37,,45.97,56.08,,,,,,,,,,,,,,,,,,,,,,,
Fata foto,,,ISD150EPS,ISODEC EPS 150 mm,36.94,38.17,41.99,15%,,5.5406,42.48,51.82,,,60.11,8.29,,51.71,63.09,,,,,,,,,,,,,,,,,,,,,,,
Fata foto,,,ISD200EPS,ISODEC EPS 200 mm,41.42,42.81,47.09,15%,,6.2134,47.64,58.12,,,67.41,9.30,,57.99,70.75,,,,,,,,,,,,,,,,,,,,,,,
Fata foto,,,ISD250EPS,ISODEC EPS 250mm,45.53,47.05,51.76,15%,,6.8289,52.35,63.87,,,74.09,10.22,,63.74,77.76,,,,,,,,,,,,,,,,,,,,,,,
,,,,,,,,,,,,,,,,,,,,,,,,,,,,,,,,,,,,,,,,,,
,,,,"ISODEC (PIR) - 3,5m min.",,,,,,,,,,,,,,,,,,,,,,,,,,,,,,,,,,,,,,
Fata foto,,,ISD50PIR,ISODEC 50mm PIR (EVITAR ESTE ESPESOR),36.37,37.58,41.34,15%,,5.4549,41.82,51.02,,,59.18,8.16,,50.91,62.11,,,,,,,,,,,,,,,,,,,,,,,
Fata foto,,,ISD80PIR,ISODEC 80mm PIR,37.38,38.63,42.49,15%,,5.6069,42.99,52.44,,,60.83,8.39,,52.33,63.84,,,,,,,,,,,,,,,,,,,,,,,
Fata foto,,,ISD80PIR,ISODEC 120mm PIR,44.68,46.18,50.79,15%,,6.7021,51.38,62.69,,,72.72,10.03,,62.55,76.31,,,,,,,,,,,,,,,,,,,,,,,
,,,,,,,,,,,,,,,,,,,,,,,,,,,,,,,,,,,,,,,,,,
,,,,,,,,,,,,,,,,,,,,,,,,,,,,,,,,,,,,,,,,,,
,,,,GOTERO FRONTAL ISODEC (EPS & PIR),,,,,,,,,,,,,,,,,,,,,,,,,,,,,,,,,,,,,,
Subido con Éxito,,,GF80DC,"Perf. Ch. Gotero Frontal 50mm - ISODEC PIR  - (3,03m)",16.64,17.20,18.92,20%,,3.3280,19.97,24.36,,,28.26,3.90,,23.30,28.42,,,,,,,,,,,,,,,,,,,,,,,
Subido con Éxito,,,GF120DC,"Perf. Ch. Gotero Frontal 80mm - ISODEC PIR  - (3,03m)",17.39,17.97,19.77,20%,,3.4778,20.87,25.46,,,29.53,4.07,,24.34,29.70,,,,,,,,,,,,,,,,,,,,,,,
Subido con Éxito,,,6838,"Perf. Ch. Gotero Frontal 100mm - (3,03m)",15.55,16.07,17.67,20%,,3.1091,18.65,22.76,,6.21819744,26.40,3.64,,21.76,26.55,,,,,,,,,,,,,,,,,,,,,,,
Subido con Éxito,,,GF120DC,"Perf. Ch. Gotero Frontal 120mm - ISODEC PIR  - (3,03m)",20.58,21.26,23.39,20%,,4.1151,24.69,30.12,0,,34.94,4.82,,28.81,35.14,,,,,,,,,,,,,,,,,,,,,,,
Subido con Éxito,,,6839,"Perf. Ch. Gotero Frontal 150mm - (3,03m)",19.22,19.87,21.85,20%,,3.8446,23.07,28.14,25 retiro en Local,7.68911598,32.64,4.50,,26.91,32.83,,,,,,,,,,,,,,,,,,,,,,,
Subido con Éxito,,,6840,"Perf. Ch. Gotero Frontal 200mm - (3,03m)",23.37,24.15,26.57,20%,,4.6735,28.04,34.21,,9.346974,39.68,5.47,,32.71,39.91,,,,,,,,,,,,,,,,,,,,,,,
Subido con Éxito,,,6841,"Perf. Ch. Gotero Frontal 250mm - (3,03m)",23.60,24.39,26.83,20%,,4.7202,28.32,34.55,38.01,9.44044374,40.08,5.53,,33.04,40.31,,,,,,,,,,,,,,,,,,,,,,,
,,,,,,,,,,,,,,,,,,,,,,,,,,,,,,,,,,,,,,,,,,
,,,,GOTERO LATERAL ISODEC (EPS & PIR),,,,,,,,,,,,,,,,,,,,,,,,,,,,,,,,,,,,,,
Subido con Éxito,,,GL80DC,Perf. Ch. Gotero Lateral 50mm - ISODEC PIR  - (3m),22.09,22.83,25.11,20%,,4.4177,26.51,32.34,,,37.51,5.17,,30.92,37.73,,,,,,,,,,,,,,,,,,,,,,,
Subido con Éxito,,,GL80DC,Perf. Ch. Gotero Lateral 80mm - ISODEC PIR  - (3m),22.09,22.83,25.11,20%,,4.4177,26.51,32.34,,,37.51,5.17,,30.92,37.73,,,,,,,,,,,,,,,,,,,,,,,
Subido con Éxito,,,6842,Perf. Ch. Gotero Lateral 100mm - (3m),20.60,21.29,23.42,20%,,4.1200,24.72,30.16,,8.2400955,34.98,4.83,,28.84,35.19,,,,,,,,,,,,,,,,,,,,,,,
Subido con Éxito,,,GL120DC,Perf. Ch. Gotero Lateral 120mm - ISODEC PIR  - (3m),25.90,26.77,29.45,20%,,5.1802,31.08,37.92,,,43.99,6.07,,36.26,44.24,,,,,,,,,,,,,,,,,,,,,,,
Subido con Éxito,,,6843,Perf. Ch. Gotero Lateral 150mm - (3m),24.216,25.03,27.53,20%,,4.8432,29.06,35.45,,9.68641674,41.12,5.67,,33.90,41.36,,,,,,,,,,,,,,,,,,,,,,,
Subido con Éxito,,,6844,Perf. Ch. Gotero Lateral 200mm - (3m),31.48,32.54,35.79,20%,,6.2969,37.78,46.09,,12.5938176,53.47,7.37,,44.08,53.78,,,,,,,,,,,,,,,,,,,,,,,
Subido con Éxito,,,6845,Perf. Ch. Gotero Lateral 250mm - (3m),31.64,32.70,35.97,20%,,6.3289,37.97,46.33,50.96,12.65777058,53.74,7.41,,44.30,54.05,,,,,,,,,,,,,,,,,,,,,,,
Fata foto,,,,Perfil Ch. Gotero Lateral Cámara 100 mm - (3m),23.17,23.95,26.34,20%,,4.6341,27.80,33.92,,,39.35,5.43,,32.44,39.58,,,,,,,,,,,,,,,,,,,,,,,
Fata foto,,,,Perfil Ch. Gotero Lateral Cámara 150 mm - (3m),24.22,25.03,27.53,20%,,4.8432,29.06,35.45,,REVISAR - inabilitado en ML,41.12,5.67,,33.90,41.36,,,,,,,,,,,,,,,,,,,,,,,
Fata foto,,,,Perfil Ch. Gotero Lateral Cámara 200 mm - (3m),31.45,32.50,35.75,20%,,6.2895,37.74,46.04,,REVISAR - inabilitado en ML,53.41,7.37,,44.03,53.71,,,,,,,,,,,,,,,,,,,,,,,
Fata foto,,,,Perfil Ch. Gotero Lateral Cámara 250 mm - (3m),31.48,32.54,35.79,20%,,6.2969,37.78,46.09,,REVISAR - inabilitado en ML,53.47,7.37,,44.08,53.78,,,,,,,,,,,,,,,,,,,,,,,
,,,,,,,,,,,,,,,,,,,,,,,,,,,,,,,,,,,,,,,,,,
,,,,OTROS ACCESORIOS Y PERFILES ISODEC (EPS & PIR),,,,,,,,,,,,,,,,,,,,,,,,,,,,,,,,,,,,,,
Fata foto,,,6847,Perfil Cumbrera,23.37,24.15,26.57,20%,,4.6735,28.04,34.21,37.63091732,9.346974,39.68,5.47,,32.71,39.91,,,,,,,,,,,,,,,,,,,,,,,
Fata foto,,,6828,Babeta ISODEC de Adosar ,12.09,12.49,13.74,20%,,2.4179,14.51,17.70,19.46904828,4.83582918,20.53,2.83,,16.93,20.65,,,,,,,,,,,,,,,,,,,,,,,
Fata foto,,,6865,Babeta ISODEC de empotrar,12.09,12.49,13.74,20%,,2.4179,14.51,17.70,19.46904828,4.83582918,20.53,2.83,,16.93,20.65,,,,,,,,,,,,,,,,,,,,,,,
NO SUBIR,,,6825,Vaina ISODEC Sist 2000,9.00,9.30,10.23,20%,,1.8005,10.80,13.18,14.49780604,3.60104472,15.29,2.11,,12.60,15.38,,,,,,,,,,,,,,,,,,,,,,,
Fata foto,,,CAN.ISDC120,Canalón Isodec 50mm ISODEC PIR,77.72,80.32,88.35,20%,,15.5430,93.26,113.78,125.1525087,31.08606774,131.98,18.20,,108.80,132.74,,,,,,,,,,,,,,,,,,,,,,,
Fata foto,,,CAN.ISDC120,Canalón Isodec 80mm ISODEC PIR,77.72,80.32,88.35,20%,,15.5430,93.26,113.78,125.1525087,31.08606774,131.98,18.20,,108.80,132.74,,,,,,,,,,,,,,,,,,,,,,,
Fata foto,,,6801,Canalón Estandar 100 mm,68.96,71.27,78.40,20%,,13.7917,82.75,100.96,111.0508176,27.58341222,117.11,16.15,,96.54,117.78,,#ERROR!,,,,,,,,,,,,,,,,,,,,,
Fata foto,,,CAN.ISDC120,Canalón Isodec 120mm ISODEC PIR,77.72,80.32,88.35,20%,,15.5430,93.26,113.78,125.1525087,31.08606774,131.98,18.20,,108.80,132.74,,,,,,,,,,,,,,,,,,,,,,,
Fata foto,,,6802,Canalón Estandar 150 mm,70.43,72.79,80.07,20%,,14.0869,84.52,103.12,113.4275071,28.17374742,119.61,16.50,,98.61,120.30,,,,,,,,,,,,,,,,,,,,,,,
Fata foto,,,6803,Canalón Estandar 200 mm,79.07,81.72,89.89,20%,,15.8136,94.88,115.76,127.3311408,31.62720834,134.28,18.52,,110.70,135.05,,,,,,,,,,,,,,,,,,,,,,,
Fata foto,,,6804,Canalón Estandar 250 mm,88.61,91.58,100.74,20%,,17.7224,106.33,129.73,142.7003996,35.4447093,150.48,20.76,,124.06,151.35,,,,,,,,,,,,,,,,,,,,,,,
Fata foto,,,6805,Soporte de Canalón de 3 m,15.80,16.33,17.97,20%,,3.1608,18.96,23.14,25.45038356,6.3215061,26.84,3.70,,22.13,26.99,,,,,,,,,,,,,,,,,,,,,,,
,,,,Embudo ,,,,,,,,,,,,,,24.59,30.00,,,,,,,,,,,,,,,,,,,,,,,
,,,,,,,,,,,,,,,,,,,,,,,,,,,,,,,,,,,,,,,,,,
,,,,ANCLAJES varios,,,,,,,,,,,,,,,,,,,,,,,,,,,,,,,,,,,,,,
Fata foto,,,,Varilla Roscada BSW 3/8 de 1 m,2.51,2.59,2.85,20%,,0.5020,3.01,3.67,,,,,,3.51,4.29,,,,,,,,,,,,,,,,,,,,,,,
Fata foto,,,,Tuerca BSW 3/8 Galv.,0.05,0.05,0.06,140%,,0.0700,0.12,0.15,,,,,,0.07,0.09,,,,,,,,,,,,,,,,,,,,,,,
Fata foto,,,,Arandela Carrocero 3/8 Galv.,0.44,0.45,0.50,282%,,1.2400,1.68,2.05,,,,,,0.62,0.75,,,,,,,,,,,,,,,,,,,,,,,
Subido con Éxito,,,,Arandela Bca. de Polipropileno (Totuga Blanca),1.03,1.06,1.17,20%,,0.2060,1.24,1.51,,,,,,1.44,1.76,,,,,,,,,,,,,,,,,,,,,,,
Subido con Éxito,,,,Arandela Bca. de Polipropileno GRIS (Totuga GRIS),1.10,1.14,1.25,20%,,0.2200,1.32,1.61,,,,,,1.54,1.88,,,,,,,,,,,,,,,,,,,,,,,
Falta Descripción,,,,Taco Expansivo Sorex 3/8,0.78,0.81,0.89,20%,,0.1560,0.94,1.14,,,,,,1.09,1.33,,,,,,,,,,,,,,,,,,,,,,,
,,,,,,,,,,,,,,,,,,,,,,,,,,,,,,,,,,,,,,,,,,
,,,,Faltan Tornillos autoperfoantes para cotizar cuando retiren de BROMYROS ,,,,,,,,,,,,,,,,,,,,,,,,,,,,,,,,,,,,,,
,,,,Soportes para canalones ISOROOF cual utilizan?,,,,,,,,,tc,40,,,,,,,,,,,,,,,,,,,,,,,,,,,,
,,,,,,,,,,,,,,,,,,,,,,,,,,,,,,,,,,,,,,,,,,
,,,," EPS, Cat. II",C. Unit UY$,,,C. Paquete,C. Paquete,C. unit usd ,,,vta unit ,Vta unit USD ,P vta paquete + IVA,Ganancia Paquete ,,,,,,,,,,,,,,,,,,,,,,,,,,
,,,,1mx1mx1cm (Paquetes de 60 uds),46.00,,,"2,760.00","3,174.00",1.15,30%,13.8000,59.80,1.495,"3,588.00",828,,,,,2970864,,,,,,,,,,,,,,,,,,,,,
,,,,1mx1mx2cm  (Paquetes de 30 uds),83.00,,,"2,490.00","2,863.50",2.08,30%,24.9000,107.90,2.6975,"3,237.00",747,,,,,828,,,,,,,,,,,,,,,,,,,,,
,,,,1mx1mx3cm (Paquetes de 20 uds),123.00,,,"2,460.00","2,829.00",3.08,30%,36.9000,159.90,3.9975,"3,198.00",738,,,,,,,,,,,,,,,,,,,,,,,,,,
,,,,1mx1mx5cm (Paquetes de 12 uds),207.00,,,"2,484.00","2,856.60",5.18,30%,62.1000,269.10,6.7275,"3,229.20",745.2,,,,,,,,,,,,,,,,,,,,,,,,,,
,,,,3x1x5cm (Paquetes de 12 uds),855.00,,,"10,260.00","11,799.00",21.38,30%,256.5000,1111.50,27.7875,"13,338.00",3078,,,,,,370.5,,,,,,,,,,,,,,,,,,,,
,,,,autotrabante  (Paquetes de 12 uds),553.00,,,"6,636.00","7,631.40",13.83,30%,165.9000,718.90,17.9725,"8,626.80",1990.8,,,,,,,,,,,,,,,,,,,,,,,,,,
,,,,,,,,,,,,,,,,,,,,,,,,,,,,,,,,,,,,,,,,,,
,,,,,,,,,,,,,,,,,,,,,,,,,,,,,,,,,,,,,,,,,,
,,,,,,,,,,,,,,,,,,,,,,,,,,,,,,,,,,,,,,,,,,
,,,,Pistola de Silicona ,25.29,,,25%,,6.3225,31.61,38.57,,,,,,,,,,,,,,,,,,,,,,,,,,,,,,
,,,,Tornillos ,,,,,,,,,,,,,,,,,,,,,,,,,,,,,,,,,,,,,,